Prog,Form,Version,FSSRTRADM,FSSRTRFAAD,FSSRTRBKAD,FSSRTRTCAD,FSSRTRTL,FSSPTPADM,FSSPTPSNAD,FSSPTPPMAD,FSSPTPPMTL,FSSPTPFIAD,FSSPTPTL,FSSOTCBKAD,FSSOTCBLAD,FSSOTCCDAD,FSSOTCCRAD,FSSOTCPRAD,FSSOTCTL
P0004A,,ZJDE0001,X,X,X,X,X,X,X,X,X,X,X,X,X,X,X,X,X
P0004A,,ZJDE0106,X,X,X,X,X,R,R,R,R,R,R,X,X,X,X,X,X
P0008,,,X,X,X,X,W,X,X,X,X,X,X,X,X,X,X,X,X
P00092,,ZJDE0001,X,X,X,X,X,X,X,X,X,X,X,R,R,R,R,R,R
P00092,,ZJDE0003,X,X,X,X,X,X,X,X,X,X,X,X,X,X,X,X,X
P0010,,,X,X,X,X,W,X,X,X,X,X,X,X,X,X,X,X,X
P001012,,,X,X,X,X,R,X,X,X,X,X,X,X,X,X,X,X,X
P0011,,HTSAH021,C,C,C,C,A,X,X,X,X,X,X,X,X,X,X,X,X
P0011,,HTSAH100,R,R,R,R,A,X,X,X,X,X,X,X,X,X,X,X,X
P0011,,HTSAH105,X,X,X,X,X,C,C,X,X,X,A,X,X,X,X,X,X
P0011,,HTSAH110,X,X,X,X,X,X,X,C,C,X,A,X,X,X,X,X,X
P0011,,HTSAH115,X,X,X,X,X,X,X,C,C,X,A,X,X,X,X,X,X
P0011,,HTSAH120,X,X,X,X,X,X,X,X,X,X,X,X,C,X,X,X,A
P0011,,HTSAH125,X,X,X,X,X,X,X,X,X,X,X,C,X,X,X,X,A
P0011,,HTSAH130,X,X,X,X,X,X,X,C,C,X,A,X,X,X,X,X,X
P0011,,HTSAH135,C,C,C,C,A,X,X,X,X,X,X,X,X,X,X,X,X
P0011,,HTSAH140,R,R,R,R,A,X,X,X,X,X,X,X,X,X,X,X,X
P0011,,ZJDE0001,X,X,C,X,A,X,X,X,X,X,X,X,X,X,X,X,X
P0011,,ZJDE0016,X,C,X,X,A,X,X,X,X,X,X,X,X,X,X,X,X
P0011,,ZJDE0017,X,C,X,X,A,X,X,X,X,X,X,X,X,X,X,X,X
P0011,,ZJDE0019,X,C,X,X,A,X,X,X,X,X,X,X,X,X,X,X,X
P0012,,HBLAH151,X,X,X,X,R,X,X,X,X,X,X,X,X,X,X,X,X
P0012,,ZJDE0001,X,X,X,X,R,X,X,X,X,X,X,X,X,X,X,X,X
P0012,,ZJDE0004,X,X,X,X,X,R,R,R,R,R,R,X,X,X,X,X,X
P0014,,,X,X,X,X,X,R,R,R,R,R,R,X,X,X,X,X,X
P0015A,,ZJDE0001,X,X,W,X,X,X,X,X,X,X,X,X,X,X,X,X,X
P0030G,,,X,X,X,X,X,R,R,R,R,R,R,X,X,X,X,X,X
P01012,,HTSHQ03N,X,X,X,X,X,R,R,R,R,R,R,X,X,X,X,X,X
P01012,,HTSHQ08N,X,X,X,X,X,R,R,R,R,R,R,R,R,R,R,R,R
P01012,,RIS0001,X,X,X,X,X,R,R,R,R,R,R,R,R,R,R,R,R
P01012,,RIS0006,X,X,X,X,X,R,R,R,R,R,R,R,R,R,R,R,R
P01012,,ZJDE0001,X,X,X,X,X,R,R,R,R,R,R,X,X,X,X,X,X
P01012,,ZJDE0001,X,X,X,X,X,R,R,R,R,R,R,X,X,X,X,X,X
P01012,,ZJDE0001,X,X,X,X,X,R,R,R,R,R,R,X,X,X,X,X,X
P03013,,HTS002,X,X,X,X,X,R,R,R,R,R,R,X,X,X,X,X,X
P03013,,ZJDE0001,X,X,X,X,X,R,R,R,R,R,R,X,X,X,X,X,X
P03013,,ZJDE0001,X,X,X,X,X,R,R,R,R,R,R,X,X,X,X,X,X
P03B102,,HTSAZ001,X,X,X,X,X,X,X,X,X,X,X,W,X,X,X,X,X
P03B2002,,HTSAX001,X,X,X,X,X,X,X,X,X,X,X,X,W,X,X,X,R
P03B2002,,HTSAX001,X,X,X,X,X,X,X,X,X,X,X,R,R,R,R,X,R
P03B2002,,HTSAX002,X,X,X,X,X,X,X,X,X,X,X,X,W,X,X,X,R
P03B202,,HTSAX001,X,X,X,X,X,X,X,X,X,X,X,X,X,W,R,X,R
P03B218,,,X,X,X,X,X,R,R,R,R,X,R,X,X,X,X,X,X
P03B218,,,X,X,X,X,X,X,X,X,X,X,X,R,X,R,R,X,R
P03B218,,,X,X,X,X,X,X,X,X,X,X,X,R,X,R,R,X,R
P04012,,HTS002,X,X,X,X,X,R,R,R,R,R,R,X,X,X,X,X,X
P04012,,ZJDE0001,X,X,X,X,X,R,R,R,R,R,R,X,X,X,X,X,X
P04012,,ZJDE0001,X,X,X,X,X,R,R,R,R,R,R,X,X,X,X,X,X
P0411,,HTSAZ001,X,X,X,X,X,W,W,X,X,X,X,X,X,X,X,X,X
P0411,,HTSAZ002,X,X,X,X,X,W,W,X,X,X,X,X,X,X,X,X,X
P0411,,HTSAZ003,X,X,X,X,X,W,W,X,X,X,X,X,X,X,X,X,X
P0411,,HTSAZ004,X,X,X,X,X,W,W,X,X,X,X,X,X,X,X,X,X
P0411,,HTSAZ005,X,X,X,X,X,W,W,X,X,X,X,X,X,X,X,X,X
P0411,,HTSAZ007,X,X,X,X,X,W,W,X,X,X,X,X,X,X,X,X,X
P0411,,HTSAZ008,X,X,X,X,X,W,W,X,X,X,X,X,X,X,X,X,X
P0411,,HTSAZ009,X,X,X,X,X,R,R,R,R,X,R,X,X,X,X,X,X
P0411,,HTSPR001,X,X,X,X,X,W,W,X,X,X,X,X,X,X,X,X,X
P0411,,HTSPR002,X,X,X,X,X,W,W,X,X,X,X,X,X,X,X,X,X
P0411,,HTSPR002A,X,X,X,X,X,R,R,R,R,X,R,X,X,X,X,X,X
P0411,,PAPBL032,X,X,X,X,X,X,X,W,W,X,X,X,X,X,X,X,X
P0411,,ZJDE001,X,X,X,X,X,R,R,R,R,R,R,R,X,X,X,X,X
P0411S,,HTS00001,X,X,X,X,X,X,X,W,W,X,X,X,X,X,X,X,X
P0411SV,,ZJDE0002,X,X,X,X,X,X,X,W,W,X,X,X,X,X,X,X,X
P0411Z1,,HTS0001,X,X,X,X,X,R,W,X,X,X,W,X,X,X,X,X,X
P0413M,,HTSAZ011,X,X,X,X,X,R,R,R,R,R,R,X,X,X,X,X,X
P0413M,,HTSAZ012,X,X,X,X,X,X,X,W,W,X,X,X,X,X,X,X,X
P0413M,,PAPBL028,X,X,X,X,X,X,X,W,W,X,X,X,X,X,X,X,X
P04571,,HTSHQ001,X,X,X,X,X,X,X,W,W,X,X,X,X,X,X,X,X
P0901,,ZJDE0001,R,R,R,R,W,X,X,X,X,X,X,X,X,X,X,X,X
P0911,,HTS,W,W,W,W,X,X,X,X,X,X,X,X,X,X,X,X,X
P09131,,HEI0001,X,X,W,X,R,X,X,X,X,X,X,X,X,X,X,X,X
P09131,,ZJDE0001,X,X,W,X,R,X,X,X,X,X,X,X,X,X,X,X,X
P09160,,ZJDE0001,X,X,W,X,R,X,X,X,X,X,X,X,X,X,X,X,X
P09200,,HTSAZ011,R,R,R,R,R,R,R,R,R,R,R,R,R,R,R,R,R
P09210A,,ZJDE0001,R,R,R,R,R,R,R,R,R,R,R,R,R,R,R,R,R
P092131,,,R,R,R,R,R,R,R,R,R,R,R,R,R,R,R,R,R
P09214,,HTSVERSION,R,R,R,R,R,R,R,R,R,R,R,R,R,R,R,R,R
P09215,,ZJDE0001,R,R,R,R,R,R,R,R,R,R,R,R,R,R,R,R,R
P09218A,,ZJDE0001,R,R,R,R,R,R,R,R,R,R,R,R,R,R,R,R,R
P12002,,,X,X,X,X,R,X,X,X,X,X,X,X,X,X,X,X,X
P1204,,HBLAH091,X,W,X,R,R,X,X,X,X,X,X,X,X,X,X,X,X
P1204,,ZJDE0007,X,W,X,R,R,X,X,X,X,X,X,X,X,X,X,X,X
P1204,,HBLAH161,X,X,X,X,R,X,X,X,X,X,X,X,X,X,X,X,X
P12102,,ZJDE0001,X,W,X,X,X,X,X,X,X,X,X,X,X,X,X,X,X
P12102,,ZJDE0001,X,W,X,X,X,X,X,X,X,X,X,X,X,X,X,X,X
P12141,,,X,X,X,X,R,X,X,X,X,X,X,X,X,X,X,X,X
P122101,,ZJDE0002,X,R,X,R,R,X,X,X,X,X,X,X,X,X,X,X,X
P12214,,,X,R,X,R,R,X,X,X,X,X,X,X,X,X,X,X,X
P12215,,ZJDE0001,X,W,X,R,R,X,X,X,X,X,X,X,X,X,X,X,X
P12851,,ZJDE0001,X,X,X,X,R,X,X,X,X,X,X,X,X,X,X,X,X
P4021,,ZJDE0001,X,X,X,X,X,R,R,R,R,X,R,X,X,X,X,X,X
P4070,,ZJDE0001,X,X,X,X,X,X,X,X,X,X,X,X,W,X,X,R,R
P4071,,ZJDE0001,X,X,X,X,X,X,X,X,X,X,X,X,X,X,X,W,R
P4072,,ZJDE0001,X,X,X,X,X,X,X,X,X,X,X,X,X,X,X,W,R
P40950,,ZJDE0004,X,X,X,X,X,R,R,R,R,R,R,X,X,X,X,X,X
P40P01,,,X,X,X,X,X,R,R,R,R,R,R,X,X,X,X,X,X
P41002,,,X,X,X,X,X,X,X,X,X,X,X,X,X,X,X,X,X
P4101,,ZJDE0001,X,X,X,X,X,R,R,R,R,R,R,R,R,R,R,R,R
P41024,,ZJDE0001,X,X,X,X,X,X,X,X,X,X,X,R,R,R,R,R,R
P41026,,ZJDE0001,X,X,X,X,X,R,R,R,R,R,R,X,X,X,X,X,X
P4104,,ZJDE0001,X,X,X,X,X,X,X,X,X,X,X,X,X,X,X,X,X
P4105,,ZJDE0001,X,X,X,X,X,R,R,R,R,R,R,X,X,X,X,X,X
P4106,,,X,X,X,X,X,X,X,X,X,X,X,X,X,X,X,W,R
P4111,,ZJDE0001,X,X,X,X,X,R,R,R,R,X,R,X,X,X,X,X,X
P41202,,ZJDE0001,X,X,X,X,X,R,R,R,R,X,R,X,X,X,X,X,X
P41291,,,X,X,X,X,X,R,R,R,R,R,R,X,X,X,X,X,X
P42050,,ZJDE0001,X,X,X,X,X,X,X,X,X,X,X,R,X,R,R,X,R
P4210,,ZJDE0001,X,X,X,X,X,X,X,X,X,X,X,X,R,X,X,X,R
P43041,,ZJDE0001,X,X,X,X,X,R,R,R,R,X,R,X,X,X,X,X,X
P43070,,HTSPR126,X,X,X,X,X,X,X,X,X,X,X,X,X,W,X,X,R
P43090,,ZJDE0001,X,X,X,X,X,R,R,R,R,R,R,X,X,X,X,X,X
P4310,,HTSPR027,X,X,X,X,X,R,R,R,R,X,R,R,X,X,X,X,X
P43214,,HTSPR045,X,X,X,X,X,R,R,X,X,X,R,X,X,X,X,X,X
R007011,,HTSAZ001,X,X,X,X,X,X,R,X,X,X,R,X,X,X,X,X,X
R007011,,HTSAZ011,R,R,R,R,R,R,R,R,R,R,R,R,R,R,R,R,R
R007021,,HTSAX012,R,R,R,R,R,X,X,X,X,X,X,X,X,X,X,X,X
R007021,,HTSAZ011,R,R,R,R,R,X,X,X,X,X,X,X,X,X,X,X,X
R007021,,HTSAZ012,X,X,X,X,X,X,R,X,X,X,R,X,X,X,X,X,X
R007031,,HTSAZ011,R,R,R,R,R,X,X,X,X,X,X,X,X,X,X,X,X
R007031,,HTSAZ013,R,R,R,R,R,X,X,X,X,X,X,X,X,X,X,X,X
R007031,,HTSAZ013,X,X,X,X,X,X,R,X,X,X,R,X,X,X,X,X,X
R007032,,HTSAX012,X,X,X,X,X,X,R,X,X,X,R,X,X,X,X,X,X
R007032,,RIS0001,R,R,R,R,R,X,X,X,X,X,X,X,X,X,X,X,X
R01050,,ZJDE0001,X,X,X,X,X,X,X,X,X,X,X,X,X,X,X,X,X
R01401A,,XJDE0001,X,X,X,X,X,X,X,X,X,X,X,X,X,X,X,X,X
R014021,,ZJDE0001,X,X,X,X,X,R,R,R,R,R,R,X,X,X,X,X,X
R01403,,XJDE0001,X,X,X,X,X,R,R,R,R,R,R,X,X,X,X,X,X
R014032A,,XJDE0001,X,X,X,X,X,X,X,X,X,X,X,X,X,X,X,X,X
R01490,,XJDE0002,X,X,X,X,X,X,X,X,X,X,X,X,X,X,X,X,X
R01840,,ZJDE0001,X,X,X,X,X,X,X,X,X,X,X,X,X,X,X,X,X
R03012A,,XJDE0001,X,X,X,X,X,X,X,X,X,X,X,X,X,X,X,X,X
R03B155,,RIS0001,X,X,X,X,X,X,X,X,X,X,X,X,X,R,R,X,R
R03B311,,SAPB0001,X,X,X,X,X,X,X,X,X,X,X,R,X,X,X,X,R
R03B413A,,HBLRH038,X,X,X,X,X,X,X,X,X,X,X,X,X,R,R,X,R
R03B4201A,,HTSAX001,X,X,X,X,X,X,X,X,X,X,X,X,X,R,R,X,R
R03B4201B,,HTSAX001,X,X,X,X,X,X,X,X,X,X,X,X,X,R,R,X,R
R03B426,,HTSAX001,X,X,W,X,R,X,X,X,X,X,X,X,X,X,X,X,X
R03B500X,,HTSAX001,X,X,X,X,X,X,X,X,X,X,X,X,X,W,R,X,R
R03B701,,RIS0001,X,X,X,X,X,X,X,X,X,X,X,R,X,X,X,X,R
R03B707,,ZJDE0001,X,X,X,X,X,X,X,X,X,X,X,R,X,X,X,X,R
R03B802,,ZJDE0001,X,X,X,X,X,X,X,X,X,X,X,X,X,X,X,X,X
R04110ZA,,HTS0002,X,X,X,X,X,W,W,X,X,X,X,X,X,X,X,X,X
R04110ZA,,HTSPR009,X,X,X,X,X,W,W,X,X,X,X,X,X,X,X,X,X
R04305,,HTSAR024,X,X,X,X,X,R,R,R,R,X,R,X,X,X,X,X,X
R04311,,HTSAX011,X,X,X,X,X,R,R,R,R,X,R,X,X,X,X,X,X
R04413,,HTSAR017,X,X,X,X,X,R,R,R,R,X,R,X,X,X,X,X,X
R04413D,,HTSAR021,X,X,X,X,X,R,R,R,R,X,R,X,X,X,X,X,X
R04423B,,HTSAX001,X,X,X,X,X,R,R,R,R,X,R,X,X,X,X,X,X
R04423C,,ZJDE0001,X,X,X,X,X,R,R,R,R,X,R,X,X,X,X,X,X
R04423D,,HTSAX001,X,X,X,X,X,R,R,R,R,X,R,X,X,X,X,X,X
R04424,,HTSAX011,X,X,X,X,X,R,R,R,R,X,R,X,X,X,X,X,X
R04425,,HTSAX021,X,X,W,X,R,X,X,X,X,X,X,X,X,X,X,X,X
R04427C,,ZJDE0001,X,X,X,X,X,R,R,R,R,X,R,X,X,X,X,X,X
R04428A,,ZJDE0001,X,X,X,X,X,R,R,R,R,X,R,X,X,X,X,X,X
R04570,,HTSHQ001,X,X,X,X,X,W,X,X,X,X,X,X,X,X,X,X,X
R04570,,HTSHQ001,X,X,X,X,X,W,X,X,X,X,X,X,X,X,X,X,X
R04601,,HTSAX001,X,X,X,X,X,X,R,X,X,X,R,X,X,X,X,X,X
R04602,,HTSAX001,X,X,X,X,X,R,R,R,R,X,R,R,X,X,X,X,X
R047001A,,ZJDE0001,X,X,X,X,X,X,R,X,X,X,R,X,X,X,X,X,X
R04701,,ZJDE0001,X,X,X,X,X,X,R,X,X,X,R,X,X,X,X,X,X
R04702A,,ZJDE0001,X,X,X,X,X,X,R,X,X,X,R,X,X,X,X,X,X
R04713,,ZJDE0001,X,X,X,X,X,X,R,X,X,X,R,X,X,X,X,X,X
R04713,,ZJDE0002,X,X,X,X,X,X,X,X,X,X,W,X,X,X,X,X,X
R04901A,,HTSHH01,X,X,X,X,X,X,W,X,X,X,W,X,X,X,X,X,X
R09130,,XJDE0001,X,X,W,X,R,X,X,X,X,X,X,X,X,X,X,X,X
R09170,,XJDE0001,X,X,W,X,R,X,X,X,X,X,X,X,X,X,X,X,X
R09170,,XJDE0002,X,X,W,X,R,X,X,X,X,X,X,X,X,X,X,X,X
R09301,,HTSAX032,R,R,R,R,R,X,X,X,X,X,X,X,X,X,X,X,X
R09301,,HTSAX032,X,X,X,X,X,X,R,X,X,X,R,X,X,X,X,X,X
R09301,,HTSAX032,X,X,X,X,X,X,X,X,X,X,X,R,X,X,X,X,R
R09311,,HTSGZ01,R,R,R,R,R,X,X,X,X,X,X,X,X,X,X,X,X
R09313,,HTSAX011,X,X,X,X,X,R,R,R,R,X,R,X,X,X,X,X,X
R09321,,RIS0001,X,X,X,X,X,R,R,R,R,X,R,X,X,X,X,X,X
R09410,,HTSAH012,R,R,R,R,R,R,R,R,R,R,R,R,R,R,R,R,R
R09410,,ZJDE0001,X,X,X,X,X,R,R,R,R,X,R,X,X,X,X,X,X
R094121,,RAPBL005,R,R,R,R,R,R,R,R,R,R,R,R,R,R,R,R,R
R09415,,HTS001,X,X,W,X,R,X,X,X,X,X,X,X,X,X,X,X,X
R09420,,RAPBL007,R,R,R,R,R,R,R,R,R,R,R,R,R,R,R,R,R
R09421,,,R,R,R,R,R,R,R,R,R,R,R,R,R,R,R,R,R
R09421,,,X,X,X,X,X,R,R,R,R,X,R,X,X,X,X,X,X
R09421,,,X,X,X,X,X,R,R,R,R,X,R,X,X,X,X,X,X
R09422,,RAPBL008,R,R,R,R,R,R,R,R,R,R,R,R,R,R,R,R,R
R09450,,XJDE0001,X,X,X,X,X,R,R,R,R,X,R,X,X,X,X,X,X
R09470,,RAPBL009,R,R,R,R,R,R,R,R,R,R,R,R,R,R,R,R,R
R09472,,HTSAX011,R,R,R,R,R,R,R,R,R,R,R,R,R,R,R,R,R
R09473,,RIS0001,R,R,R,R,R,R,R,R,R,R,R,R,R,R,R,R,R
R09551,,ZJDE0001,X,X,W,X,R,X,X,X,X,X,X,X,X,X,X,X,X
R09552,,ZJDE0001,X,X,W,X,R,X,X,X,X,X,X,X,X,X,X,X,X
R097001,,HTSAZ011,R,R,R,R,R,X,X,X,X,X,X,X,X,X,X,X,X
R097041,,HTSAZ011,R,R,R,R,R,X,X,X,X,X,X,X,X,X,X,X,X
R09705,,HTSAZ013,R,R,R,R,R,X,X,X,X,X,X,X,X,X,X,X,X
R09706,,APBL01,R,R,R,R,R,X,X,X,X,X,X,X,X,X,X,X,X
R09707,,XJDE0001,R,R,R,R,R,X,X,X,X,X,X,X,X,X,X,X,X
R09801,,HTSAZ021,X,X,X,X,X,W,W,W,W,X,X,X,X,X,X,X,X
R098201,,HTSAX011,X,X,X,X,W,X,X,X,X,X,X,X,X,X,X,X,X
R099102,,XJDE0001,X,X,X,W,X,X,X,X,X,X,X,X,X,X,X,X,X
R099102,,XJDE0002,X,X,X,W,X,X,X,X,X,X,X,X,X,X,X,X,X
R10111B,,HTS001,R,R,R,R,R,R,R,R,R,R,R,R,R,R,R,R,R
R12108,,HTSAX021,X,W,X,R,R,X,X,X,X,X,X,X,X,X,X,X,X
R12108,,XJDE0001,X,W,X,R,R,X,X,X,X,X,X,X,X,X,X,X,X
R12301,,HTSAZ011,X,R,X,R,R,X,X,X,X,X,X,X,X,X,X,X,X
R12431,,HTSAX011,X,R,X,R,R,X,X,X,X,X,X,X,X,X,X,X,X
R127011,,HTSAX011,X,R,X,R,R,X,X,X,X,X,X,X,X,X,X,X,X
R127012,,XJDE0001,X,R,X,R,R,X,X,X,X,X,X,X,X,X,X,X,X
R127013,,HTSAX011,X,R,X,R,R,X,X,X,X,X,X,X,X,X,X,X,X
R12800,,HTSAH011,X,W,X,X,X,X,X,X,X,X,X,X,X,X,X,X,X
R12803,,ZJDE0001,X,W,X,X,X,X,X,X,X,X,X,X,X,X,X,X,X
R12825,,HTSAX001,X,W,X,X,X,X,X,X,X,X,X,X,X,X,X,X,X
R12855,,HTSAX001L,X,W,X,X,X,X,X,X,X,X,X,X,X,X,X,X,X
R12855,,HTSAX002L,X,W,X,X,X,X,X,X,X,X,X,X,X,X,X,X,X
R42565,,APBS0001,X,X,X,X,X,X,X,X,X,X,X,X,R,R,X,X,R
R42800,,APBS0001,X,X,X,X,X,X,X,X,X,X,X,X,R,X,X,X,R
R42800,,HTSRR121,X,X,X,X,X,X,X,X,X,X,X,X,W,X,X,X,R
R42800,,HTSRR122,X,X,X,X,X,X,X,X,X,X,X,X,W,X,X,X,R
R42800,,HTSRR123,X,X,X,X,X,X,X,X,X,X,X,X,W,X,X,X,R
R42800,,HTSRR124,X,X,X,X,X,X,X,X,X,X,X,X,W,X,X,X,R
R42800,,HTSRR131,X,X,X,X,X,X,X,X,X,X,X,X,W,X,X,X,R
R43420,,HTSRR029,X,X,X,X,X,R,R,X,X,X,R,X,X,X,X,X,X
R43450,,RIS0001,R,R,R,R,R,R,R,X,X,X,R,X,X,X,X,X,X
R43512,,HTSRR026,X,X,X,X,X,R,R,X,X,X,R,X,X,X,X,X,X
R43525,,HTSRR011,X,X,X,X,X,R,R,X,X,X,R,X,X,X,X,X,X
R5503B305,,HTSAR049,X,X,X,X,X,X,X,X,X,X,X,X,R,X,X,X,R
R5504413C,,HTSAR020,X,X,X,X,X,R,R,R,R,X,R,X,X,X,X,X,X
R56F0457,,HAPBS001,X,X,X,X,X,X,X,W,W,X,X,X,X,X,X,X,X
R56F0457A,,ZJDE0001,X,X,X,X,X,X,X,W,W,X,X,X,X,X,X,X,X
R7404002,,HBLAX021,X,X,X,X,X,X,X,X,X,X,X,X,X,R,R,X,R
R890911BI,,SAPB0014,X,X,X,X,X,X,X,X,X,X,X,R,X,X,X,X,R
P98MB01,,,C,C,C,C,C,C,C,C,C,C,C,C,C,C,C,C,C
P98MB02,,,C,C,C,C,C,C,C,C,C,C,C,C,C,C,C,C,C
P98305,,,C,C,C,C,C,C,C,C,C,C,C,C,C,C,C,C,C
P98305W,,,C,C,C,C,C,C,C,C,C,C,C,C,C,C,C,C,C
P983050,,,C,C,C,C,C,C,C,C,C,C,C,C,C,C,C,C,C
P983051,,,C,C,C,C,C,C,C,C,C,C,C,C,C,C,C,C,C
P9860,,,C,C,C,C,C,C,C,C,C,C,C,C,C,C,C,C,C
P9860A,,,C,C,C,C,C,C,C,C,C,C,C,C,C,C,C,C,C
P9861,,,C,C,C,C,C,C,C,C,C,C,C,C,C,C,C,C,C
P9861A,,,C,C,C,C,C,C,C,C,C,C,C,C,C,C,C,C,C
P98616,,,C,C,C,C,C,C,C,C,C,C,C,C,C,C,C,C,C
P986162,,,C,C,C,C,C,C,C,C,C,C,C,C,C,C,C,C,C
P98UBE,,,C,C,C,C,C,C,C,C,C,C,C,C,C,C,C,C,C
P986110B,,,C,C,C,C,C,C,C,C,C,C,C,C,C,C,C,C,C
P986116,,,C,C,C,C,C,C,C,C,C,C,C,C,C,C,C,C,C
P98OWSEC,,,C,C,C,C,C,C,C,C,C,C,C,C,C,C,C,C,C
P98SEC,,,C,C,C,C,C,C,C,C,C,C,C,C,C,C,C,C,C
P98826,,,C,C,C,C,C,C,C,C,C,C,C,C,C,C,C,C,C
P95400,W95400E,,C,C,C,C,C,C,C,C,C,C,C,C,C,C,C,C,C
P982400,,,C,C,C,C,C,C,C,C,C,C,C,C,C,C,C,C,C
P982402,,,C,C,C,C,C,C,C,C,C,C,C,C,C,C,C,C,C
P95620,,,C,C,C,C,C,C,C,C,C,C,C,C,C,C,C,C,C
P95600,,,C,C,C,C,C,C,C,C,C,C,C,C,C,C,C,C,C
P95630,,,C,C,C,C,C,C,C,C,C,C,C,C,C,C,C,C,C
